distribution,instance,n,index,initial_seed,rng_warmup,iterations,quantization_scale,initial_cost,reference_cost,reference_quantized_cost,reference_quantized_rescaled_cost,quantization_relative_error,runtime_sec,reference_permutation
sawt,sawt_geo_n20_014,20,14,official_lecuyer_default,19,100000,100000,70.34080433376192,56.074221802653966,560742366000,56.0742366,2.6388856692497184e-07,0.43043860000000045,"[6,12,18,3,1,15,4,10,0,11,2,17,19,8,5,13,16,14,9,7]"
sawt,sawt_geo_n20_030,20,30,official_lecuyer_default,19,100000,100000,77.48472469853294,61.97354923989265,619734812000,61.9734812,1.0978860091243064e-06,0.42899330000000013,"[0,11,4,10,5,17,3,18,7,2,19,6,1,8,13,12,16,9,15,14]"
sawt,sawt_geo_n20_046,20,46,official_lecuyer_default,19,100000,100000,56.44427690374651,45.08462693773614,450846304000,45.0846304,7.679477678847235e-08,0.4241185000000005,"[9,5,10,16,6,8,3,7,1,4,17,18,19,13,15,14,11,12,0,2]"
sawt,sawt_geo_n20_062,20,62,official_lecuyer_default,19,100000,100000,67.64588445975674,53.81980204155782,538198064000,53.8198064,8.098212945283953e-08,0.4290655000000001,"[3,0,4,8,17,2,6,16,10,14,5,7,11,19,15,9,12,13,18,1]"
sawt,sawt_geo_n20_078,20,78,official_lecuyer_default,19,100000,100000,68.25677083728752,52.72629828100911,527263106000,52.7263106,2.3364035200872372e-07,0.42904610000000076,"[5,7,12,9,10,6,14,18,0,17,2,11,19,16,8,4,13,15,1,3]"
sawt,sawt_geo_n20_094,20,94,official_lecuyer_default,19,100000,100000,82.01377064761402,63.44257904824764,634426080000,63.442608,4.563457664701545e-07,0.45137850000000057,"[11,9,10,18,5,19,16,13,7,15,0,2,17,6,4,1,8,14,3,12]"
sawt,sawt_geo_n20_110,20,110,official_lecuyer_default,19,100000,100000,56.27732750749174,43.46031734281363,434603052000,43.4603052,2.7940002221479554e-07,0.4670988999999999,"[7,0,2,8,6,12,4,1,19,9,5,14,15,3,16,10,11,18,13,17]"
sawt,sawt_geo_n20_126,20,126,official_lecuyer_default,19,100000,100000,71.72155625536004,57.02027784042597,570202958000,57.0202958,3.149681957158013e-07,0.4408858999999996,"[16,17,11,12,9,5,4,7,1,10,19,0,8,14,3,15,13,2,6,18]"
sawt,sawt_geo_n20_142,20,142,official_lecuyer_default,19,100000,100000,71.25443081952022,53.65199742883259,536520184000,53.6520184,3.908739361245258e-07,0.46299570000000045,"[9,5,16,6,3,14,15,1,8,7,19,17,2,13,4,0,11,10,12,18]"
sawt,sawt_geo_n20_158,20,158,official_lecuyer_default,19,100000,100000,73.76927840479723,56.08767994931478,560876968000,56.0876968,3.004346985956942e-07,0.4334996999999987,"[19,15,7,6,8,9,16,14,1,4,10,3,13,18,11,12,2,17,5,0]"
sawt,sawt_geo_n20_174,20,174,official_lecuyer_default,19,100000,100000,73.41370804291195,58.03308111315067,580331418000,58.0331418,1.045728542525055e-06,0.4576525,"[1,5,14,2,11,3,7,12,9,16,0,4,10,19,17,13,8,15,18,6]"
sawt,sawt_geo_n20_190,20,190,official_lecuyer_default,19,100000,100000,71.60700383036757,55.108336320753686,551082374000,55.1082374,1.7950234082617825e-06,0.4292750000000005,"[5,7,15,13,10,8,12,9,1,11,18,16,2,3,0,14,4,17,6,19]"
sawt,sawt_geo_n20_206,20,206,official_lecuyer_default,19,100000,100000,73.99770556021343,54.73980730925838,547398488000,54.7398488,7.579628730028186e-07,0.45896010000000054,"[9,1,7,14,2,3,0,11,16,18,13,5,15,6,10,8,17,12,19,4]"
sawt,sawt_geo_n20_222,20,222,official_lecuyer_default,19,100000,100000,68.48596499563328,56.2977267380055,562977076000,56.2977076,3.3994277580050137e-07,0.4478308999999996,"[10,19,5,4,14,16,12,0,7,17,3,6,13,18,8,9,11,2,1,15]"
sawt,sawt_geo_n20_238,20,238,official_lecuyer_default,19,100000,100000,63.396247977092074,48.321699043764575,483216496000,48.3216496,1.023220738355729e-06,0.4422315999999995,"[7,8,10,5,17,16,18,4,13,2,15,19,1,9,0,12,3,11,6,14]"
sawt,sawt_geo_n20_254,20,254,official_lecuyer_default,19,100000,100000,75.53755531913698,59.47836490002715,594783752000,59.4783752,1.7317175526006942e-07,0.4338514000000018,"[9,10,4,0,7,6,19,1,18,2,8,3,16,5,17,15,11,14,12,13]"
sawt,sawt_geo_n50_014,50,14,official_lecuyer_default,49,250000,100000,441.266883655469,378.50004116649734,3785000608000,378.5000608,5.1871864076982476e-08,7.6466166000000015,"[39,48,16,37,36,33,4,38,45,14,44,43,7,49,41,5,46,19,6,34,26,15,27,13,17,18,1,35,25,21,20,2,47,23,22,0,31,9,3,10,40,28,30,12,42,11,29,32,24,8]"
sawt,sawt_geo_n50_030,50,30,official_lecuyer_default,49,250000,100000,443.55887345755275,392.04530275921763,3920452268000,392.0452268,1.937511228328514e-07,7.810028899999999,"[42,6,24,18,32,9,15,40,49,29,20,33,4,10,43,31,34,2,16,30,35,25,44,27,45,12,23,38,36,19,28,3,7,22,39,11,37,17,21,47,5,46,1,48,41,13,8,14,0,26]"
sawt,sawt_geo_n50_046,50,46,official_lecuyer_default,49,250000,100000,446.99319440867555,378.58178408699797,3785817602000,378.5817602,6.309600449689207e-08,7.731989400000003,"[10,34,41,26,40,17,15,22,36,45,43,11,39,44,19,1,14,3,38,20,31,13,46,23,35,37,12,48,25,16,33,5,27,28,6,0,4,49,21,24,29,7,42,8,30,47,2,32,9,18]"
sawt,sawt_geo_n50_062,50,62,official_lecuyer_default,49,250000,100000,461.4236444073681,395.6287483192124,3956288386000,395.6288386,2.2819572136972197e-07,7.721209999999999,"[38,16,49,14,40,39,12,7,45,28,37,13,1,6,29,3,2,25,19,10,41,31,9,26,33,35,0,44,34,17,42,48,21,32,20,46,8,47,5,30,22,4,23,15,18,43,24,36,11,27]"
sawt,sawt_geo_n50_078,50,78,official_lecuyer_default,49,250000,100000,444.1797315540812,381.87606803003274,3818762031000,381.8762031,3.5370105268412056e-07,7.646384900000001,"[5,40,18,20,4,41,3,21,38,31,2,12,7,6,47,11,27,30,35,13,46,22,10,42,9,49,37,16,44,0,8,34,43,17,14,39,29,24,25,36,26,15,28,32,48,23,33,1,19,45]"
sawt,sawt_geo_n50_094,50,94,official_lecuyer_default,49,250000,100000,445.0704454570164,386.81673975891636,3868165856000,386.8165856,3.985321743197365e-07,8.506577499999999,"[46,44,17,2,0,23,12,18,8,49,39,15,10,29,14,38,45,11,31,3,34,35,1,13,42,25,48,27,21,7,6,4,26,5,32,43,33,28,20,47,41,9,16,22,40,19,37,24,30,36]"
sawt,sawt_geo_n50_110,50,110,official_lecuyer_default,49,250000,100000,441.8876394653695,388.3919614766698,3883920347000,388.3920347,1.8852946889105689e-07,8.195950699999997,"[28,23,37,29,10,49,5,21,12,48,7,41,35,45,22,27,40,42,20,18,47,26,31,36,19,4,32,33,30,24,39,9,13,11,43,3,46,25,8,14,38,17,6,1,15,16,34,2,0,44]"
sawt,sawt_geo_n50_126,50,126,official_lecuyer_default,49,250000,100000,463.4578422960908,398.54692636510583,3985469337000,398.5469337,1.8404091696688947e-08,8.043055699999996,"[22,41,49,44,11,15,33,21,37,47,42,4,23,29,19,27,20,28,5,40,30,24,32,14,1,17,10,31,3,8,18,45,36,0,25,13,26,6,48,9,2,7,16,12,43,35,39,38,46,34]"
sawt,sawt_geo_n50_142,50,142,official_lecuyer_default,49,250000,100000,462.54365441144023,399.56809697877753,3995681099000,399.5681099,3.233797340095112e-08,8.6291698,"[7,17,49,26,29,16,31,11,5,22,44,6,42,38,37,23,8,45,20,1,39,2,28,14,41,24,33,3,15,0,46,40,47,34,4,36,35,32,19,43,13,48,12,30,18,27,21,9,10,25]"
sawt,sawt_geo_n50_158,50,158,official_lecuyer_default,49,250000,100000,470.4967494297202,403.79767058041847,4037975558000,403.7975558,2.8425230464094143e-07,7.429443400000011,"[30,0,28,31,22,37,38,34,26,6,16,14,17,18,2,10,9,5,8,49,43,32,11,40,44,21,35,23,20,3,27,45,48,42,12,41,39,33,4,15,1,19,24,46,47,13,7,29,36,25]"
sawt,sawt_geo_n50_174,50,174,official_lecuyer_default,49,250000,100000,426.95830783125007,361.93721190561195,3619371534000,361.9371534,1.6164574965411358e-07,7.4615084,"[16,9,33,44,30,47,37,23,36,28,24,11,19,0,13,25,4,15,34,26,22,7,20,10,31,43,49,18,40,32,8,29,14,48,27,2,45,21,39,35,17,5,1,41,46,38,42,12,6,3]"
sawt,sawt_geo_n50_190,50,190,official_lecuyer_default,49,250000,100000,446.5568373244329,390.6047508610907,3906046947000,390.6046947,1.437798454147127e-07,7.8503592,"[6,43,40,24,14,47,11,4,10,22,23,26,16,28,25,34,36,29,41,21,33,45,19,1,9,12,18,20,35,30,0,7,15,32,46,44,13,48,2,39,42,27,8,5,31,37,3,17,38,49]"
sawt,sawt_geo_n50_206,50,206,official_lecuyer_default,49,250000,100000,458.29242375081867,387.1027179396057,3871027486000,387.1027486,7.920480233831247e-08,7.556524799999991,"[29,44,10,32,48,39,24,9,31,6,26,19,27,49,28,33,34,21,30,7,38,15,18,8,14,46,3,2,43,5,11,1,41,47,40,36,42,4,0,23,37,35,25,16,22,12,45,13,17,20]"
sawt,sawt_geo_n50_222,50,222,official_lecuyer_default,49,250000,100000,444.5111118554999,383.97066931373206,3839705271000,383.9705271,3.703765506033235e-07,7.7545973,"[8,12,20,43,26,21,14,37,42,25,49,41,40,29,6,0,23,35,9,34,30,19,38,46,22,44,48,5,32,11,18,47,10,13,31,33,4,24,7,1,45,2,16,3,27,17,36,28,15,39]"
sawt,sawt_geo_n50_238,50,238,official_lecuyer_default,49,250000,100000,470.91673967718896,407.9963504835751,4079964855000,407.9964855,3.309255701578476e-07,7.830760600000005,"[43,22,35,3,11,47,18,41,12,20,19,48,29,39,44,40,15,36,16,9,46,1,4,33,2,17,10,6,5,7,49,38,23,24,14,37,32,13,0,42,27,30,26,8,21,25,45,28,31,34]"
sawt,sawt_geo_n50_254,50,254,official_lecuyer_default,49,250000,100000,402.0458749278257,343.69132825840575,3436913662000,343.6913662,1.1039438920318443e-07,8.378147599999977,"[24,41,2,22,34,8,35,49,36,28,12,13,11,10,30,19,17,38,47,25,46,39,26,15,29,14,1,5,32,4,21,45,31,27,6,7,18,37,33,20,0,48,3,9,44,16,40,23,43,42]"
sawt,sawt_geo_n100_014,100,14,official_lecuyer_default,99,500000,100000,1786.719431495951,1620.7899047414871,16207897762000,1620.7897762,7.930792680347022e-08,72.36757599999999,"[24,22,55,44,4,12,80,67,32,92,43,49,19,5,42,30,97,28,14,23,17,66,63,99,68,96,27,70,3,41,2,75,16,88,11,98,86,10,34,76,54,9,8,0,48,90,62,61,64,60,15,84,51,21,45,38,93,74,33,95,40,1,87,46,73,71,78,35,37,31,79,57,91,25,94,81,13,20,7,36,77,83,58,53,82,26,65,18,50,39,59,56,29,47,72,52,6,69,89,85]"
sawt,sawt_geo_n100_030,100,30,official_lecuyer_default,99,500000,100000,1775.32854053261,1592.7187800791871,15927185731000,1592.7185731,1.2995337893784578e-07,71.5587247,"[18,6,78,24,77,2,44,19,3,56,60,63,27,94,16,28,40,69,1,10,99,76,23,58,97,87,88,38,80,62,74,15,39,66,70,7,32,71,61,52,36,37,92,30,22,45,4,96,86,90,8,0,81,50,53,51,17,82,84,72,95,49,34,26,57,13,12,64,41,68,79,46,35,83,59,73,85,54,47,25,43,5,21,33,98,89,48,42,14,9,93,91,29,75,11,31,65,20,55,67]"
sawt,sawt_geo_n100_046,100,46,official_lecuyer_default,99,500000,100000,1762.937575473163,1582.044069905943,15820441144000,1582.0441144,2.812441057201088e-08,81.05393549999997,"[3,37,33,15,1,0,10,28,46,61,41,2,8,66,4,99,73,48,96,97,16,26,14,19,45,93,18,34,53,69,71,55,24,74,29,42,67,40,80,58,90,30,12,31,52,49,82,39,20,64,11,27,83,9,56,89,54,70,79,17,86,59,44,92,84,98,5,60,23,87,50,6,63,47,88,43,81,95,65,7,94,85,75,35,25,78,76,57,13,36,32,62,72,21,68,22,77,91,38,51]"
sawt,sawt_geo_n100_062,100,62,official_lecuyer_default,99,500000,100000,1836.6370879094939,1629.3825691428844,16293824186000,1629.3824186,9.23925954303642e-08,80.01921930000003,"[58,93,88,92,38,0,61,41,84,13,31,79,66,98,8,24,70,97,7,49,67,34,19,4,65,54,40,33,95,63,89,32,35,55,12,10,11,78,85,30,87,50,86,46,44,81,72,23,56,64,90,73,17,94,52,28,6,82,36,37,48,29,25,45,77,5,51,53,1,20,74,3,62,99,96,71,57,14,18,15,83,80,42,60,47,43,59,69,91,68,22,27,21,9,75,39,2,76,16,26]"
sawt,sawt_geo_n100_078,100,78,official_lecuyer_default,99,500000,100000,1819.1481882501228,1620.5774100858487,16205775366000,1620.5775366,7.806732993682319e-08,71.9619361,"[33,66,94,0,13,56,60,11,52,81,89,34,36,43,98,24,26,96,25,17,4,57,68,10,93,50,90,97,44,59,77,80,21,29,88,53,14,79,64,71,51,46,95,23,32,54,35,49,5,91,39,19,8,76,1,62,74,63,69,67,58,61,38,2,3,22,86,27,72,48,28,87,6,15,37,45,20,55,99,41,65,31,30,40,78,47,85,42,92,16,12,73,18,9,75,83,70,7,84,82]"
sawt,sawt_geo_n100_094,100,94,official_lecuyer_default,99,500000,100000,1871.6561734700542,1665.8093658561406,16658090702000,1665.8090702,1.7748497921735774e-07,72.3343241,"[86,26,9,93,47,34,68,67,59,36,91,27,23,72,70,8,51,25,61,76,29,56,39,99,0,31,84,82,88,22,50,60,32,89,19,69,48,71,40,7,24,75,38,92,41,81,49,33,85,20,46,55,94,77,80,6,21,73,43,10,96,42,57,18,97,2,13,52,30,54,37,78,17,15,4,64,44,53,90,3,11,62,5,83,98,12,16,66,74,14,95,1,87,28,45,63,35,79,58,65]"
sawt,sawt_geo_n100_110,100,110,official_lecuyer_default,99,500000,100000,1756.9837351224146,1562.443927926569,15624437686000,1562.4437686,1.0197266343056411e-07,73.8989355,"[57,78,29,32,0,7,43,45,70,40,54,93,91,98,24,49,92,2,16,71,50,94,79,30,3,85,55,1,37,44,39,87,68,75,5,36,12,76,56,35,90,19,77,61,17,66,10,86,26,25,28,48,83,53,65,69,64,89,63,52,80,41,51,46,34,38,20,4,13,11,15,81,42,73,8,27,88,18,60,99,84,95,9,82,97,23,21,31,33,58,74,6,67,59,22,72,62,14,47,96]"
sawt,sawt_geo_n100_126,100,126,official_lecuyer_default,99,500000,100000,1757.1295647881755,1570.5734004580772,15705734054000,1570.5734054,3.1465722797955446e-09,80.44970699999999,"[10,56,87,72,57,50,22,43,71,53,1,58,81,11,95,60,2,77,33,65,67,34,51,62,18,76,0,26,44,84,31,75,21,17,36,92,9,70,49,27,32,12,5,20,80,90,45,82,29,97,98,52,73,63,40,78,38,7,55,13,64,88,68,37,69,23,25,24,66,16,79,47,61,91,6,8,15,48,28,35,83,39,42,54,30,93,19,96,41,86,46,14,3,74,89,59,85,94,99,4]"
sawt,sawt_geo_n100_142,100,142,official_lecuyer_default,99,500000,100000,1783.1809803953856,1614.877683393805,16148777639000,1614.8777639,4.9852812889987863e-08,79.61983280000004,"[76,55,64,57,42,83,39,29,48,44,94,59,37,82,77,1,2,40,46,23,14,67,63,0,5,9,97,93,30,21,28,52,27,92,7,95,45,20,53,12,85,84,61,25,15,43,65,73,22,34,80,13,62,89,91,72,31,33,38,24,26,71,79,18,81,90,4,41,10,58,3,36,69,88,98,78,54,8,35,32,16,96,11,87,56,19,70,51,86,99,17,50,68,60,6,74,49,47,66,75]"
sawt,sawt_geo_n100_158,100,158,official_lecuyer_default,99,500000,100000,1817.2858592810535,1632.016496784725,16320165490000,1632.016549,3.199433038437791e-08,74.87636229999998,"[58,82,67,48,19,53,12,13,34,2,54,8,88,68,32,64,14,93,57,39,16,30,28,80,40,92,47,52,3,87,70,98,5,77,66,74,61,46,75,4,50,42,63,97,35,91,94,29,95,73,9,62,83,76,11,69,51,55,33,44,79,20,27,56,59,43,21,1,18,96,31,23,25,41,72,15,86,17,6,22,78,0,7,81,85,84,45,90,37,60,49,71,65,38,26,36,89,10,99,24]"
sawt,sawt_geo_n100_174,100,174,official_lecuyer_default,99,500000,100000,1819.4884205072183,1627.1971701197724,16271972138000,1627.1972138,2.6843844429523805e-08,65.06126669999992,"[48,2,76,91,90,4,87,85,26,24,73,75,33,47,64,78,93,5,18,22,72,60,16,31,57,44,36,19,15,62,63,42,84,94,83,98,7,89,80,45,41,56,14,9,97,46,11,81,43,59,77,17,67,10,29,99,20,82,25,50,79,86,95,69,27,1,0,49,71,30,28,34,52,61,54,53,6,70,13,3,21,55,66,68,96,74,8,88,58,37,51,38,39,35,65,40,32,23,92,12]"
sawt,sawt_geo_n100_190,100,190,official_lecuyer_default,99,500000,100000,1781.7635597319222,1589.3638911220671,15893637094000,1589.3637094,1.1433635058003383e-07,61.41678899999988,"[24,10,28,63,55,76,25,78,35,70,30,33,17,81,83,95,79,29,67,8,62,27,88,98,80,0,77,26,22,71,19,94,12,89,53,61,6,4,38,51,84,5,85,56,90,48,11,39,31,1,20,46,3,34,66,68,57,64,2,37,93,74,60,7,43,14,86,9,50,96,32,21,41,49,54,91,44,97,23,59,15,72,58,45,75,47,36,73,87,16,40,13,92,99,65,82,18,52,69,42]"
sawt,sawt_geo_n100_206,100,206,official_lecuyer_default,99,500000,100000,1777.59150345881,1596.3385948998264,15963385294000,1596.3385294,4.103128660462394e-08,64.59885369999984,"[42,92,91,65,7,15,28,87,6,34,76,56,78,9,68,43,36,69,88,53,96,64,35,25,77,3,29,94,60,26,33,71,14,83,30,57,73,21,52,80,23,49,39,45,2,66,84,67,38,55,82,63,24,10,51,1,61,72,62,0,59,17,46,41,27,98,5,12,89,20,11,8,32,40,37,19,47,48,44,31,74,86,4,50,54,70,90,75,95,16,18,22,81,93,79,58,97,85,99,13]"
sawt,sawt_geo_n100_222,100,222,official_lecuyer_default,99,500000,100000,1818.8213460257884,1610.1715205016994,16101715593000,1610.1715593,2.4095756241934766e-08,64.54822990000002,"[37,7,33,75,97,15,81,56,84,89,9,58,59,13,92,51,96,46,91,30,25,12,31,45,36,49,16,67,20,55,50,77,4,32,69,73,66,21,38,42,28,44,52,90,71,19,54,18,2,65,99,26,29,76,82,64,53,86,0,85,35,98,17,24,88,11,8,93,48,5,3,95,87,79,41,78,57,68,10,40,22,61,74,6,34,27,14,80,94,72,1,43,47,70,60,23,39,83,62,63]"
sawt,sawt_geo_n100_238,100,238,official_lecuyer_default,99,500000,100000,1738.728356414494,1557.5691267334128,15575694814000,1557.5694814,2.2770519859437654e-07,64.48741380000001,"[85,31,48,61,27,50,79,58,21,42,72,32,7,64,43,62,76,99,70,19,49,24,89,35,9,10,69,88,33,81,65,51,25,38,91,87,37,56,11,20,75,4,55,52,17,45,2,94,67,86,82,66,16,80,5,34,68,59,28,8,29,74,39,96,53,63,71,93,15,73,77,41,78,30,36,97,90,13,83,26,54,22,95,0,40,60,84,92,6,57,14,44,18,1,98,23,46,12,47,3]"
sawt,sawt_geo_n100_254,100,254,official_lecuyer_default,99,500000,100000,1822.6386711877321,1630.2365856114802,16302365528000,1630.2365528,2.0126821153171997e-08,71.41648629999986,"[92,99,62,61,37,68,40,63,70,49,38,26,60,11,1,13,32,27,34,91,89,0,21,24,76,96,80,84,48,30,2,87,94,83,59,45,42,5,67,7,53,98,8,41,16,54,71,43,55,95,72,12,73,93,64,82,9,81,29,23,47,18,31,17,74,69,10,19,90,22,88,3,58,50,14,51,46,78,65,35,57,56,79,44,85,86,75,77,39,66,36,20,28,6,15,33,52,97,25,4]"
plma_uniform,plma_uniform_n20_014,20,14,official_lecuyer_default,19,100000,100000,93.25385020587174,72.81931354402268,728194419432,72.8194419432,1.7632571783327997e-06,0.4894099999999071,"[14,8,16,12,15,6,10,19,7,18,0,4,17,11,2,5,13,1,9,3]"
plma_uniform,plma_uniform_n20_030,20,30,official_lecuyer_default,19,100000,100000,105.29468462778001,86.3638262954335,863639102224,86.3639102224,9.717837906973737e-07,0.4788578000000143,"[3,10,15,6,12,17,7,1,4,14,13,18,11,8,16,2,19,5,9,0]"
plma_uniform,plma_uniform_n20_046,20,46,official_lecuyer_default,19,100000,100000,100.97995057486753,81.70084916818195,817007744102,81.7007744102,9.150208683266186e-07,0.5146783000000141,"[17,16,11,6,9,13,4,2,8,7,19,10,15,0,1,14,12,18,3,5]"
plma_uniform,plma_uniform_n20_062,20,62,official_lecuyer_default,19,100000,100000,94.98095875549892,79.68231351906255,796823420190,79.682342019,3.5766955298441477e-07,0.5170232999998916,"[18,10,0,16,14,8,7,17,13,2,19,6,3,11,5,9,1,15,4,12]"
plma_uniform,plma_uniform_n20_078,20,78,official_lecuyer_default,19,100000,100000,98.41308703843411,80.36951094828862,803694365292,80.3694365292,9.259616954416411e-07,0.468511000000035,"[19,13,4,16,10,5,14,1,18,15,8,12,3,17,7,2,6,11,0,9]"
plma_uniform,plma_uniform_n20_094,20,94,official_lecuyer_default,19,100000,100000,96.76059484144207,76.01775224063755,760177193560,76.017719356,4.3259155366812774e-07,0.49634820000005675,"[12,8,10,2,17,6,16,15,7,1,4,19,14,13,0,9,18,5,11,3]"
plma_uniform,plma_uniform_n20_110,20,110,official_lecuyer_default,19,100000,100000,96.94104526272059,80.16798034293757,801679012704,80.1679012704,9.863356571465823e-07,0.529852000000119,"[14,0,8,1,6,12,10,4,13,11,18,2,5,16,19,15,17,7,3,9]"
plma_uniform,plma_uniform_n20_126,20,126,official_lecuyer_default,19,100000,100000,98.60012389348242,80.34409333852571,803440461418,80.3440461418,5.87432426474542e-07,0.4854453000000376,"[3,4,6,7,13,5,15,2,9,10,1,0,16,12,19,18,17,11,14,8]"
plma_uniform,plma_uniform_n20_142,20,142,official_lecuyer_default,19,100000,100000,97.26888170498009,79.45965381450412,794596785160,79.459678516,3.108684053946268e-07,0.609959500000059,"[18,3,8,7,1,10,13,0,5,2,19,9,4,11,15,14,17,12,16,6]"
plma_uniform,plma_uniform_n20_158,20,158,official_lecuyer_default,19,100000,100000,88.9754262545816,69.586517829086,695865244178,69.5865244178,9.468377218180859e-08,0.5685300000000097,"[10,19,11,0,16,5,4,12,2,17,7,18,14,9,6,8,15,1,3,13]"
plma_uniform,plma_uniform_n20_174,20,174,official_lecuyer_default,19,100000,100000,96.0604012831347,72.75604636911125,727560322632,72.7560322632,1.938795736149451e-07,0.5129432999999608,"[1,19,12,9,15,6,8,5,18,3,10,4,13,11,16,14,2,0,7,17]"
plma_uniform,plma_uniform_n20_190,20,190,official_lecuyer_default,19,100000,100000,84.92216752720955,67.26229056287245,672622746198,67.2622746198,2.3702839022725773e-07,0.5599258999998256,"[12,4,16,15,8,17,5,14,13,2,6,1,11,19,7,18,9,3,0,10]"
plma_uniform,plma_uniform_n20_206,20,206,official_lecuyer_default,19,100000,100000,93.55676406103092,77.88094797835922,778809873078,77.8809873078,5.049943767039432e-07,0.5409141000000091,"[10,5,9,15,2,19,13,18,3,14,0,6,8,12,4,17,1,16,7,11]"
plma_uniform,plma_uniform_n20_222,20,222,official_lecuyer_default,19,100000,100000,99.05294004170986,78.86220999817776,788621312866,78.8621312866,9.980899312710262e-07,0.5314424999999119,"[9,11,12,8,15,1,13,17,4,6,10,5,0,3,7,2,19,14,16,18]"
plma_uniform,plma_uniform_n20_238,20,238,official_lecuyer_default,19,100000,100000,86.76191247712617,71.57647988387205,715765401946,71.5765401946,8.426053927748215e-07,0.5199329999998099,"[4,13,19,16,7,0,15,8,5,18,10,2,11,9,12,6,1,17,14,3]"
plma_uniform,plma_uniform_n20_254,20,254,official_lecuyer_default,19,100000,100000,97.29525768447083,75.34869772911219,753485920630,75.348592063,1.4023614923066564e-06,0.5496766999999636,"[9,11,13,0,5,6,1,4,7,3,18,15,19,17,14,16,2,12,10,8]"
plma_uniform,plma_uniform_n50_014,50,14,official_lecuyer_default,49,250000,100000,578.0493317805367,502.23866094610526,5022390270258,502.2390270258,7.288958879694392e-07,7.975447099999883,"[49,43,28,8,36,16,26,20,42,5,1,46,6,12,40,13,7,32,35,23,4,15,25,45,14,30,41,22,9,3,19,38,10,24,34,0,21,37,18,31,27,17,48,29,33,2,47,44,11,39]"
plma_uniform,plma_uniform_n50_030,50,30,official_lecuyer_default,49,250000,100000,624.6468152703492,535.0645762505228,5350649343100,535.06493431,6.691892775196816e-07,8.413372400000071,"[8,24,30,28,29,31,17,27,12,21,39,40,16,49,46,5,10,23,7,26,44,38,13,37,35,18,0,48,43,47,11,3,41,42,25,20,9,14,45,22,32,19,4,6,2,15,34,36,33,1]"
plma_uniform,plma_uniform_n50_046,50,46,official_lecuyer_default,49,250000,100000,616.7597563546842,534.6028782063463,5346030596456,534.6030596456,3.393907160777175e-07,9.285296600000038,"[5,16,18,32,49,11,40,38,29,4,28,14,31,45,48,25,47,39,36,42,2,24,13,23,8,30,21,19,9,15,27,43,41,35,0,46,10,37,33,34,12,1,44,3,17,6,20,7,22,26]"
plma_uniform,plma_uniform_n50_062,50,62,official_lecuyer_default,49,250000,100000,612.3338807553515,519.8558353272484,5198555761516,519.8555761516,4.985529272804543e-07,9.793883699999924,"[4,13,21,44,40,22,0,25,2,27,7,36,49,23,12,34,11,31,15,19,14,18,37,38,5,1,26,6,35,39,10,33,48,20,8,3,43,28,16,29,41,32,45,17,24,42,47,9,46,30]"
plma_uniform,plma_uniform_n50_078,50,78,official_lecuyer_default,49,250000,100000,632.3171179211879,538.9668648968167,5389671745618,538.9671745618,5.74552915008828e-07,9.662339299999985,"[12,22,4,33,38,3,21,29,47,42,17,44,14,36,30,23,11,35,2,41,48,32,25,10,40,6,0,49,24,9,19,13,27,37,26,8,1,39,5,46,34,20,18,31,28,43,16,45,7,15]"
plma_uniform,plma_uniform_n50_094,50,94,official_lecuyer_default,49,250000,100000,583.6582766789753,485.76533544748486,4857654517370,485.765451737,2.3939442902514936e-07,9.150517399999899,"[12,9,10,15,18,47,2,32,17,45,0,5,48,19,27,4,22,34,44,43,29,30,16,33,3,6,36,11,42,23,38,24,26,40,31,28,39,14,8,41,46,7,21,37,49,20,13,25,35,1]"
plma_uniform,plma_uniform_n50_110,50,110,official_lecuyer_default,49,250000,100000,591.9036148442751,500.2728385206406,5002728222840,500.272822284,3.245557103421243e-08,8.93539490000012,"[24,4,8,30,38,3,18,20,39,1,31,0,36,21,14,29,11,35,17,48,33,2,42,40,37,28,7,32,15,19,13,9,12,22,27,10,26,41,47,45,46,16,5,25,44,6,23,34,43,49]"
plma_uniform,plma_uniform_n50_126,50,126,official_lecuyer_default,49,250000,100000,612.7400781507137,515.906047834705,5159064565492,515.9064565492,7.922266016596595e-07,8.444909599999846,"[36,32,48,29,14,27,13,44,24,7,41,26,21,31,4,25,8,11,30,3,20,34,15,16,33,10,2,43,42,12,45,5,18,49,40,17,22,46,35,9,1,0,6,47,37,28,19,39,23,38]"
plma_uniform,plma_uniform_n50_142,50,142,official_lecuyer_default,49,250000,100000,613.3061749600223,524.3410398975556,5243408805468,524.3408805468,3.039067008444667e-07,8.820172400000047,"[18,27,13,45,16,32,47,30,49,17,7,5,26,23,2,1,43,46,35,14,12,4,29,36,48,24,11,28,41,0,40,3,33,20,21,9,37,38,39,15,10,25,31,22,8,44,6,19,34,42]"
plma_uniform,plma_uniform_n50_158,50,158,official_lecuyer_default,49,250000,100000,607.5381365593612,517.3709970744612,5173712949846,517.3712949846,5.758153055896708e-07,8.962283900000102,"[26,25,47,36,0,28,30,39,41,16,23,22,13,43,40,12,7,19,8,4,34,6,24,15,38,20,32,18,45,5,49,42,37,35,10,14,1,3,9,46,44,17,21,29,27,2,33,48,11,31]"
plma_uniform,plma_uniform_n50_174,50,174,official_lecuyer_default,49,250000,100000,619.3045409199303,536.4037520387612,5364038373578,536.4038373578,1.5905749797436389e-07,9.625037399999883,"[39,11,29,35,44,9,34,18,36,38,47,31,20,30,37,40,49,27,0,1,7,14,13,22,48,10,32,43,6,17,28,41,5,33,2,19,16,21,46,45,3,25,15,8,42,26,23,4,24,12]"
plma_uniform,plma_uniform_n50_190,50,190,official_lecuyer_default,49,250000,100000,596.8277940233663,510.08372188418963,5100835490288,510.0835490288,3.3887650635646715e-07,9.410752700000103,"[45,21,6,47,34,22,30,16,25,29,5,27,7,33,11,44,42,24,19,40,49,8,23,43,1,13,2,39,36,9,17,14,35,32,3,37,4,26,31,18,10,12,15,20,41,48,38,46,28,0]"
plma_uniform,plma_uniform_n50_206,50,206,official_lecuyer_default,49,250000,100000,613.1342383240947,527.4781977991978,5274781250834,527.4781250834,1.37855551461901e-07,8.90773460000014,"[38,45,21,49,14,44,39,12,32,40,7,47,43,29,8,27,13,42,22,18,17,20,37,6,24,41,34,36,5,0,4,31,2,11,23,10,26,1,19,30,25,33,48,28,15,9,35,46,3,16]"
plma_uniform,plma_uniform_n50_222,50,222,official_lecuyer_default,49,250000,100000,612.4032846473973,518.3066527608491,5183066204378,518.3066204378,6.236279038323155e-08,9.82045909999988,"[29,17,24,15,23,48,32,36,8,19,2,49,34,9,44,28,20,0,4,12,22,41,13,38,30,21,46,31,7,35,11,47,10,25,43,27,18,6,1,5,3,16,26,45,40,39,33,37,42,14]"
plma_uniform,plma_uniform_n50_238,50,238,official_lecuyer_default,49,250000,100000,615.8202826153308,520.6742369496214,5206742906500,520.67429065,1.031362313190544e-07,11.608638300000166,"[19,44,15,31,39,23,17,48,9,20,42,37,4,38,22,25,21,7,41,8,10,27,6,5,32,16,2,29,14,47,28,13,24,45,35,1,30,49,26,34,0,18,3,43,46,33,11,40,36,12]"
plma_uniform,plma_uniform_n50_254,50,254,official_lecuyer_default,49,250000,100000,605.9053239451739,501.42822035070117,5014281884044,501.4281884044,6.371061678503414e-08,10.397992499999873,"[42,9,8,49,31,48,24,46,2,20,45,12,40,47,7,33,26,13,27,14,22,35,10,36,5,37,1,21,16,18,15,3,38,44,17,11,34,39,30,6,4,23,28,32,29,19,41,0,25,43]"
plma_uniform,plma_uniform_n100_014,100,14,official_lecuyer_default,99,500000,100000,2478.738882360684,2195.074967265021,21950752550286,2195.0752550286,1.3109510317404687e-07,93.69505559999993,"[23,85,86,54,60,5,22,12,8,87,32,71,21,92,64,95,9,96,44,28,94,0,73,67,36,13,29,80,58,69,83,16,10,98,3,59,84,6,26,63,24,35,19,50,47,18,30,78,15,57,2,48,40,49,91,97,82,7,34,31,75,90,43,56,51,38,89,70,1,52,17,77,41,88,53,4,61,76,27,79,39,81,65,99,45,62,37,11,25,93,55,66,20,74,33,14,72,68,46,42]"
plma_uniform,plma_uniform_n100_030,100,30,official_lecuyer_default,99,500000,100000,2479.8110255066426,2209.4162688127353,22094159895236,2209.4159895236,1.2640856295303672e-07,94.0777713,"[68,98,3,24,47,73,66,67,95,74,69,13,81,6,22,38,23,87,55,51,62,39,48,34,89,72,90,59,99,86,30,78,5,11,40,35,58,77,80,25,44,92,63,76,96,4,75,18,27,84,21,32,91,31,10,14,71,12,83,16,41,54,52,0,60,65,15,26,97,61,94,93,7,45,28,70,50,1,49,53,82,46,37,64,57,17,56,33,2,42,20,79,19,88,43,29,85,8,36,9]"
plma_uniform,plma_uniform_n100_046,100,46,official_lecuyer_default,99,500000,100000,2520.7593516911616,2235.0111637969717,22350110379208,2235.0110379208,5.6320153469396764e-08,88.89428160000011,"[12,34,6,36,4,73,94,42,90,55,82,10,72,69,83,80,57,68,13,0,37,47,86,61,16,33,3,56,39,45,95,53,27,60,26,11,14,38,58,8,9,84,35,63,2,59,44,31,43,70,5,93,46,65,30,28,1,51,78,18,74,62,88,7,98,17,66,52,64,71,22,29,91,67,50,49,23,20,32,99,41,76,15,19,24,77,92,54,21,89,40,75,25,96,97,85,81,87,48,79]"
plma_uniform,plma_uniform_n100_062,100,62,official_lecuyer_default,99,500000,100000,2460.29055271732,2191.3985783981516,21913991141178,2191.3991141178,2.4446472382981376e-07,89.55981440000005,"[81,90,7,86,10,5,64,56,54,47,15,83,55,32,50,92,97,45,80,13,67,87,14,22,74,24,9,30,20,75,61,62,71,36,40,17,31,59,72,49,85,68,39,0,76,34,42,65,38,19,16,12,78,70,91,18,48,26,6,58,79,46,2,53,63,44,8,60,21,96,29,35,99,82,3,94,89,37,73,95,43,98,52,28,88,66,27,23,25,84,4,57,41,33,1,11,77,51,93,69]"
plma_uniform,plma_uniform_n100_078,100,78,official_lecuyer_default,99,500000,100000,2443.3877410787954,2150.858955178601,21508594133120,2150.859413312,2.130002053846322e-07,91.16090940000004,"[16,53,52,30,71,6,70,54,90,3,24,76,15,37,28,74,36,27,26,29,65,50,2,47,93,80,17,86,46,85,78,60,97,43,12,45,20,87,59,11,13,92,69,41,19,34,31,61,84,62,1,42,57,44,94,4,9,83,82,99,33,89,51,0,8,25,48,79,58,10,40,56,14,63,35,72,22,88,95,38,7,98,5,21,55,96,81,67,64,68,18,91,73,77,23,49,75,32,39,66]"
plma_uniform,plma_uniform_n100_094,100,94,official_lecuyer_default,99,500000,100000,2465.478783721876,2187.358750359488,21873586269706,2187.3586269706,5.640999122522081e-08,88.75582920000011,"[61,19,20,42,44,41,82,71,66,39,63,74,10,65,93,18,22,1,58,27,92,89,30,73,14,67,56,35,97,68,75,25,28,36,0,91,34,98,26,85,31,2,51,38,17,94,81,78,32,60,76,84,7,47,6,59,23,21,45,48,70,37,24,80,8,46,50,87,86,83,5,52,69,88,12,62,49,43,4,29,64,90,16,55,33,40,9,54,79,77,99,11,96,57,53,95,13,72,3,15]"
plma_uniform,plma_uniform_n100_110,100,110,official_lecuyer_default,99,500000,100000,2508.3943460228475,2219.003316554805,22190031271708,2219.0031271708,8.534642735309516e-08,90.65088849999984,"[41,6,53,91,67,69,8,45,80,63,50,20,46,34,77,14,15,54,59,26,23,22,58,83,49,62,70,11,76,75,12,71,64,24,51,81,5,21,1,98,19,56,73,25,27,90,2,65,10,0,78,36,40,16,44,3,74,42,13,89,88,17,84,85,97,57,28,66,95,38,92,33,47,82,72,39,30,60,96,4,79,9,35,87,43,99,18,7,93,94,61,29,52,37,55,32,31,86,68,48]"
plma_uniform,plma_uniform_n100_126,100,126,official_lecuyer_default,99,500000,100000,2431.9088806014247,2154.2892861378277,21542890601868,2154.2890601868,1.0488425550295644e-07,92.88395850000006,"[99,92,38,52,32,58,36,17,13,90,49,31,40,4,95,97,2,53,6,34,44,24,91,28,65,75,10,57,56,21,70,18,67,20,35,83,48,37,77,76,73,19,72,84,29,43,23,96,51,98,79,64,68,93,47,66,80,55,63,8,59,16,54,1,88,86,94,26,39,87,5,78,85,41,82,25,27,12,22,71,11,33,61,30,74,14,89,60,0,81,62,50,46,42,45,69,15,9,7,3]"
plma_uniform,plma_uniform_n100_142,100,142,official_lecuyer_default,99,500000,100000,2456.0333042569528,2190.4059520137776,21904055170414,2190.4055170414,1.9858071389069555e-07,93.45613619999995,"[11,77,22,28,80,27,10,98,51,90,52,74,53,85,68,55,2,93,14,61,8,78,9,56,44,30,41,19,48,26,82,96,29,35,65,47,0,89,6,69,63,67,12,79,23,7,25,88,13,49,5,3,17,66,99,58,43,38,84,91,87,45,21,36,32,4,46,95,73,81,31,97,62,76,60,24,34,33,75,86,54,72,57,83,70,15,1,39,92,64,16,42,37,18,50,20,94,59,40,71]"
plma_uniform,plma_uniform_n100_158,100,158,official_lecuyer_default,99,500000,100000,2502.5633740047815,2216.7098880728954,22167101063236,2216.7101063236,9.845704473747867e-08,90.66063340000028,"[15,39,84,82,18,86,10,34,31,13,30,88,60,51,83,41,6,94,5,7,97,28,99,76,98,17,55,91,27,22,75,74,78,85,59,79,19,24,8,9,2,71,57,45,26,93,92,25,52,23,77,81,42,40,90,50,16,43,0,65,80,96,58,67,32,61,46,68,36,69,3,70,21,20,48,14,47,89,53,63,35,64,37,66,95,38,49,4,73,29,54,56,11,1,62,12,72,44,33,87]"
plma_uniform,plma_uniform_n100_174,100,174,official_lecuyer_default,99,500000,100000,2468.8458967642773,2196.228033418386,21962282895044,2196.2282895044,1.1660265236984281e-07,94.22107719999985,"[94,56,46,89,8,2,20,39,33,49,22,84,85,25,44,62,88,93,79,48,18,98,40,14,67,74,6,76,26,23,75,29,70,5,42,50,4,68,99,1,28,21,73,90,52,17,34,15,86,64,82,47,97,36,7,32,24,53,12,81,92,95,80,9,27,96,30,91,38,43,78,59,35,87,57,60,13,77,71,51,16,11,66,72,61,55,65,3,69,10,45,54,83,63,31,41,19,37,58,0]"
plma_uniform,plma_uniform_n100_190,100,190,official_lecuyer_default,99,500000,100000,2495.108811250174,2219.5193157795707,22195195020024,2219.5195020024,8.390232417397406e-08,93.51109619999988,"[51,92,88,11,85,25,34,1,57,44,94,86,23,20,38,39,74,64,52,42,6,40,18,32,78,35,0,54,9,53,45,43,72,15,73,27,28,14,81,30,63,49,55,66,91,89,56,50,22,70,48,93,58,79,37,99,26,96,47,17,80,97,83,77,68,16,2,8,19,71,5,4,10,31,7,82,75,3,76,24,33,87,65,46,69,95,41,90,29,67,62,98,59,61,21,84,13,12,60,36]"
plma_uniform,plma_uniform_n100_206,100,206,official_lecuyer_default,99,500000,100000,2496.9828896959516,2188.5572866897364,21885575053880,2188.557505388,9.992805082580387e-08,91.96997629999987,"[54,97,19,20,58,80,85,38,60,70,26,90,91,3,73,69,56,14,10,32,63,47,45,64,5,82,8,67,89,94,49,0,81,61,46,2,18,86,17,11,77,66,93,41,53,25,55,1,27,44,33,76,12,68,52,16,22,31,72,65,15,30,42,59,57,88,13,87,34,75,21,24,95,9,99,71,23,6,39,29,35,43,36,51,78,40,79,83,74,62,48,50,7,98,37,28,92,4,84,96]"
plma_uniform,plma_uniform_n100_222,100,222,official_lecuyer_default,99,500000,100000,2506.164847036452,2233.833905359187,22338336261096,2233.8336261096,1.2500910939175872e-07,88.39007839999977,"[21,10,37,1,60,38,48,66,26,3,17,59,23,56,61,0,33,20,8,80,78,43,7,62,18,83,27,19,45,15,85,58,84,91,47,6,64,36,52,70,75,93,54,40,69,2,95,71,89,25,63,46,12,55,74,68,24,65,22,90,44,99,67,51,53,86,5,39,96,13,30,9,82,31,72,29,50,57,98,28,4,16,97,77,42,94,49,76,11,88,35,32,34,87,81,73,41,79,14,92]"
plma_uniform,plma_uniform_n100_238,100,238,official_lecuyer_default,99,500000,100000,2494.394001398724,2186.968835692875,21869687172574,2186.9687172574,5.415508129547054e-08,89.57657849999987,"[5,19,77,58,10,96,0,27,88,7,18,89,54,52,56,64,99,75,90,80,72,2,4,32,11,23,91,29,93,74,47,26,68,9,84,63,95,81,65,38,16,50,35,61,86,76,85,36,34,83,14,46,97,57,51,53,70,78,33,13,1,31,12,45,49,41,69,48,40,24,21,15,87,92,39,82,44,25,94,62,37,42,17,60,66,6,79,20,67,30,73,28,59,55,22,8,98,3,43,71]"
plma_uniform,plma_uniform_n100_254,100,254,official_lecuyer_default,99,500000,100000,2507.3729261301924,2215.8134764355746,22158137694470,2215.813769447,1.322365030718164e-07,77.22081220000018,"[44,24,37,31,4,15,9,96,6,50,63,48,8,27,76,18,26,21,36,79,74,70,1,39,94,81,68,45,49,23,46,82,90,57,2,5,41,52,17,29,92,22,14,35,10,30,80,77,0,71,65,47,98,53,86,3,60,95,62,12,75,58,67,19,88,32,34,38,61,99,64,85,40,43,7,93,28,89,54,78,84,25,16,42,73,72,33,20,69,11,83,13,87,56,91,66,55,51,59,97]"
